subreddit,title,author,ups,downs,created_utc
MachineLearning,[D] Self-Promotion Thread,AutoModerator,8,0,1777688108.0
MachineLearning,[D] Monthly Who's Hiring and Who wants to be Hired?,AutoModerator,7,0,1777602608.0
MachineLearning,Would a 2000-2021 ML paper even get accepted today? [D],Hope999991,21,0,1778758791.0
MachineLearning,Human-level performance via ML was *not* proven impossible with complexity theory [D],mike_uoftdcs,131,0,1778683840.0
MachineLearning,Continual Harness: Online Adaptation for Self-Improving Foundation Agents [R],PokeAgentChallenge,9,0,1778730343.0
MachineLearning,Trained transformer-based chess models to play like humans (including thinking time) [P],hazard02,19,0,1778710131.0
MachineLearning,"Have the ""on-hold"" durations been getting longer for arXiv submissions? [D]",Megixist,14,0,1778698302.0
MachineLearning,Built Support Vector Machine(SVM) from scratch in Rust [P],Yeet132416,29,0,1778682235.0
MachineLearning,Scenema Audio: Zero-shot expressive voice cloning and speech generation [N],a__side_of_fries,7,0,1778707748.0
MachineLearning,Elastic Attention Cores for Scalable Vision Transformers [R],44seconds,33,0,1778673090.0
MachineLearning,"Learning, Fast and Slow: Towards LLMs That Adapt Continually [R]",LakshyAAAgrawal,11,0,1778668720.0
MachineLearning,How do you create memorable poster for top tier conferences ( ICML/ICLR/NEURips ect…) [D],DazzlingPin3965,46,0,1778630713.0
MachineLearning,EEML Summer School (Eastern European ML) - Anyone here got accepted? [D],ade17_in,2,0,1778691343.0
MachineLearning,Steam Recommender using similarity! (Undergraduate Student Project) [P],Expensive-Ad8916,92,0,1778607032.0
OpenAI,Sora 2 megathread (part 3),WithoutReason1729,317,0,1760654515.0
OpenAI,AMA on our DevDay Launches,OpenAI,120,0,1759948776.0
OpenAI,2 months free,irelatetolevin,26,0,1778776753.0
OpenAI,"Five Horses, according to ChatGPT",CobaltCrusader123,32,0,1778771803.0
OpenAI,Saw these in front of the courthouse where the Altman Musk trial is this morning,Calvinball_24,12,0,1778775700.0
OpenAI,OpenAI says Windows lacked the sandboxing tools Linux already had,OkReport5065,164,0,1778714638.0
OpenAI,Another day of Solved Coding,KeanuRave100,271,0,1778700886.0
OpenAI,90 days have passed since Nikita Bier (X's Head of Product) predicted communication channels would become unusable - how's that going?,devanew,152,0,1778710386.0
OpenAI,"Don't worry, we'll figure it out",KeanuRave100,8,0,1778761051.0
OpenAI,Real,infohoundloselose,285,0,1778687567.0
OpenAI,"GPT-5.5 feels like it got discernment, not just better reasoning — did anyone else notice?",spicylilbitch,5,0,1778766222.0
OpenAI,OpenAI Sued Over Data Sharing With Google &amp; Meta in 2026,BuildAndDeploy,5,0,1778755354.0
artificial,What AI image generator works best for realistic pictures?,logicandlogic,16,0,1778774247.0
artificial,AWS user hit with 30000 dollar bill after Claude runaway on Bedrock,petburiraja,33,0,1778754903.0
artificial,"AI helps man recover $400,000 in Bitcoin 11 years after he got high and forgot password",IndicaOatmeal,457,0,1778700816.0
artificial,Anthropic’s Claude Helps Recover Lost Bitcoin Wallet Holding $400K After 11 Years,andix3,12,0,1778759338.0
artificial,I asked 4 AIs to pick a number. Why they all said 7?,Ok-Contract6713,82,0,1778717858.0
artificial,What recent study or paper about how AI changes our lives did you find the most interesting?,themoe_,3,0,1778761013.0
artificial,"AI transcriber for use by Ontario doctors 'hallucinated,' generated errors, auditor finds | CBC News",One-Astronomer6166,123,0,1778685564.0
artificial,Does anyone else feel most AI tooling is becoming harder instead of easier?,Bladerunner_7_,9,0,1778735317.0
artificial,"'It's like we don't exist': Nearly 50,000 Lake Tahoe residents face power loss as utility redirects lines to data centers",werea11madhere,60,0,1778699019.0
artificial,We built a public red team environment for our AI agent security proxy — submit attacks and get a full security trace back,Turbulent-Tap6723,1,0,1778775649.0
artificial,I think “human-in-the-loop” may become one of the biggest governance illusions in enterprise AI,raktimsingh22,2,0,1778775369.0
artificial,Anthropic's new interpretability tool found Claude suspects it is being tested in 26% of benchmarks and never says so,kamilc86,110,0,1778682879.0
artificial,"I've been documenting real AI implementations. Here is a list of findings, surprises and cases (db)",santanah8,4,0,1778746227.0
artificial,Question: Are AI referrals actually better than Google traffic?,houmanasefiau,10,0,1778725159.0
artificial,Trump’s China Visit Puts AI Chips and Trade Back in Focus,andix3,1,0,1778764287.0
artificial,Introducing local SQL &amp; BI Agent to AgentSwarms sandbox. Upload a CSV and chat with your data (Text-to-SQL + Auto-Charts).,Outside-Risk-8912,1,0,1778760770.0
artificial,Trying to use VEO 3 but the limits are too small. How do you use it?,DeanMachineYT,2,0,1778746215.0
